# Fatores de retencao (SPEC §10, ADR-0007/0018). Fonte: USDA Table of
# Nutrient Retention Factors Release 6 (2007), CC0 1.0,
# DOI 10.15482/USDA.ADC/1409034. Fonte primaria: retn06.txt (ASCII caret-delimited),
# SHA-256 5B71867F6649E801DB3BF88C6CD1887B0673E853D4BA94AA0AF2B3C091E983F9.
# Gerado por scripts/build_retention_factors.py — nao editar a mao.
# Politica: mediana por (nutriente, metodo); espaco min-max na evidencia;
# referencia integral em usda_r6_reference.csv.
nutrient,cooking_method,retention_factor,evidence
ALC,baked,1.0,USDA R6 DOI:10.15482/USDA.ADC/1409034; median of 23 rows; min 100% max 100%
ALC,boiled,1.0,USDA R6 DOI:10.15482/USDA.ADC/1409034; median of 28 rows; min 100% max 100%
ALC,braised,1.0,USDA R6 DOI:10.15482/USDA.ADC/1409034; median of 5 rows; min 100% max 100%
ALC,broiled,1.0,USDA R6 DOI:10.15482/USDA.ADC/1409034; median of 20 rows; min 100% max 100%
ALC,canned,1.0,USDA R6 DOI:10.15482/USDA.ADC/1409034; median of 4 rows; min 100% max 100%
ALC,cooked,1.0,USDA R6 DOI:10.15482/USDA.ADC/1409034; median of 28 rows; min 100% max 100%
ALC,fried,1.0,USDA R6 DOI:10.15482/USDA.ADC/1409034; median of 36 rows; min 100% max 100%
ALC,poached,1.0,USDA R6 DOI:10.15482/USDA.ADC/1409034; median of 1 rows; min 100% max 100%
ALC,reheated,1.0,USDA R6 DOI:10.15482/USDA.ADC/1409034; median of 28 rows; min 100% max 100%
ALC,roasted,1.0,USDA R6 DOI:10.15482/USDA.ADC/1409034; median of 8 rows; min 100% max 100%
ALC,simmered,1.0,USDA R6 DOI:10.15482/USDA.ADC/1409034; median of 60 rows; min 10% max 100%
ALC,steamed,1.0,USDA R6 DOI:10.15482/USDA.ADC/1409034; median of 4 rows; min 100% max 100%
ALC,stewed,1.0,USDA R6 DOI:10.15482/USDA.ADC/1409034; median of 2 rows; min 100% max 100%
CA,baked,1.0,USDA R6 DOI:10.15482/USDA.ADC/1409034; median of 23 rows; min 80% max 100%
CA,boiled,0.95,USDA R6 DOI:10.15482/USDA.ADC/1409034; median of 28 rows; min 85% max 100%
CA,braised,1.0,USDA R6 DOI:10.15482/USDA.ADC/1409034; median of 5 rows; min 80% max 100%
CA,broiled,1.0,USDA R6 DOI:10.15482/USDA.ADC/1409034; median of 20 rows; min 75% max 100%
CA,canned,1.0,USDA R6 DOI:10.15482/USDA.ADC/1409034; median of 4 rows; min 95% max 100%
CA,cooked,1.0,USDA R6 DOI:10.15482/USDA.ADC/1409034; median of 28 rows; min 85% max 100%
CA,fried,1.0,USDA R6 DOI:10.15482/USDA.ADC/1409034; median of 36 rows; min 75% max 100%
CA,poached,1.0,USDA R6 DOI:10.15482/USDA.ADC/1409034; median of 1 rows; min 100% max 100%
CA,reheated,1.0,USDA R6 DOI:10.15482/USDA.ADC/1409034; median of 28 rows; min 100% max 100%
CA,roasted,0.95,USDA R6 DOI:10.15482/USDA.ADC/1409034; median of 8 rows; min 90% max 100%
CA,simmered,1.0,USDA R6 DOI:10.15482/USDA.ADC/1409034; median of 60 rows; min 80% max 100%
CA,steamed,1.0,USDA R6 DOI:10.15482/USDA.ADC/1409034; median of 4 rows; min 100% max 100%
CA,stewed,0.95,USDA R6 DOI:10.15482/USDA.ADC/1409034; median of 2 rows; min 95% max 95%
CARTA,baked,0.9,USDA R6 DOI:10.15482/USDA.ADC/1409034; median of 23 rows; min 75% max 100%
CARTA,boiled,0.9,USDA R6 DOI:10.15482/USDA.ADC/1409034; median of 28 rows; min 85% max 100%
CARTA,braised,0.8,USDA R6 DOI:10.15482/USDA.ADC/1409034; median of 5 rows; min 75% max 90%
CARTA,broiled,0.8,USDA R6 DOI:10.15482/USDA.ADC/1409034; median of 20 rows; min 65% max 100%
CARTA,canned,1.0,USDA R6 DOI:10.15482/USDA.ADC/1409034; median of 4 rows; min 75% max 100%
CARTA,cooked,0.9,USDA R6 DOI:10.15482/USDA.ADC/1409034; median of 28 rows; min 75% max 100%
CARTA,fried,0.85,USDA R6 DOI:10.15482/USDA.ADC/1409034; median of 36 rows; min 75% max 100%
CARTA,poached,1.0,USDA R6 DOI:10.15482/USDA.ADC/1409034; median of 1 rows; min 100% max 100%
CARTA,reheated,1.0,USDA R6 DOI:10.15482/USDA.ADC/1409034; median of 28 rows; min 95% max 100%
CARTA,roasted,0.75,USDA R6 DOI:10.15482/USDA.ADC/1409034; median of 8 rows; min 75% max 80%
CARTA,simmered,0.8,USDA R6 DOI:10.15482/USDA.ADC/1409034; median of 60 rows; min 75% max 100%
CARTA,steamed,0.9,USDA R6 DOI:10.15482/USDA.ADC/1409034; median of 4 rows; min 90% max 95%
CARTA,stewed,0.75,USDA R6 DOI:10.15482/USDA.ADC/1409034; median of 2 rows; min 75% max 75%
CARTB,baked,0.9,USDA R6 DOI:10.15482/USDA.ADC/1409034; median of 23 rows; min 75% max 100%
CARTB,boiled,0.9,USDA R6 DOI:10.15482/USDA.ADC/1409034; median of 28 rows; min 85% max 100%
CARTB,braised,0.8,USDA R6 DOI:10.15482/USDA.ADC/1409034; median of 5 rows; min 75% max 90%
CARTB,broiled,0.8,USDA R6 DOI:10.15482/USDA.ADC/1409034; median of 20 rows; min 65% max 100%
CARTB,canned,1.0,USDA R6 DOI:10.15482/USDA.ADC/1409034; median of 4 rows; min 75% max 100%
CARTB,cooked,0.9,USDA R6 DOI:10.15482/USDA.ADC/1409034; median of 28 rows; min 75% max 100%
CARTB,fried,0.85,USDA R6 DOI:10.15482/USDA.ADC/1409034; median of 36 rows; min 75% max 100%
CARTB,poached,1.0,USDA R6 DOI:10.15482/USDA.ADC/1409034; median of 1 rows; min 100% max 100%
CARTB,reheated,1.0,USDA R6 DOI:10.15482/USDA.ADC/1409034; median of 28 rows; min 95% max 100%
CARTB,roasted,0.75,USDA R6 DOI:10.15482/USDA.ADC/1409034; median of 8 rows; min 75% max 80%
CARTB,simmered,0.8,USDA R6 DOI:10.15482/USDA.ADC/1409034; median of 60 rows; min 75% max 100%
CARTB,steamed,0.9,USDA R6 DOI:10.15482/USDA.ADC/1409034; median of 4 rows; min 90% max 95%
CARTB,stewed,0.75,USDA R6 DOI:10.15482/USDA.ADC/1409034; median of 2 rows; min 75% max 75%
CHOLN,baked,1.0,USDA R6 DOI:10.15482/USDA.ADC/1409034; median of 23 rows; min 75% max 100%
CHOLN,boiled,1.0,USDA R6 DOI:10.15482/USDA.ADC/1409034; median of 28 rows; min 90% max 100%
CHOLN,braised,0.9,USDA R6 DOI:10.15482/USDA.ADC/1409034; median of 5 rows; min 90% max 100%
CHOLN,broiled,0.975,USDA R6 DOI:10.15482/USDA.ADC/1409034; median of 20 rows; min 70% max 100%
CHOLN,canned,1.0,USDA R6 DOI:10.15482/USDA.ADC/1409034; median of 4 rows; min 95% max 100%
CHOLN,cooked,1.0,USDA R6 DOI:10.15482/USDA.ADC/1409034; median of 28 rows; min 60% max 100%
CHOLN,fried,1.0,USDA R6 DOI:10.15482/USDA.ADC/1409034; median of 36 rows; min 70% max 100%
CHOLN,poached,0.8,USDA R6 DOI:10.15482/USDA.ADC/1409034; median of 1 rows; min 80% max 80%
CHOLN,reheated,1.0,USDA R6 DOI:10.15482/USDA.ADC/1409034; median of 27 rows; min 70% max 100%
CHOLN,roasted,0.9,USDA R6 DOI:10.15482/USDA.ADC/1409034; median of 8 rows; min 70% max 100%
CHOLN,simmered,0.9,USDA R6 DOI:10.15482/USDA.ADC/1409034; median of 61 rows; min 70% max 100%
CHOLN,steamed,1.0,USDA R6 DOI:10.15482/USDA.ADC/1409034; median of 4 rows; min 100% max 100%
CHOLN,stewed,1.0,USDA R6 DOI:10.15482/USDA.ADC/1409034; median of 2 rows; min 100% max 100%
CRYPXB,baked,0.9,USDA R6 DOI:10.15482/USDA.ADC/1409034; median of 23 rows; min 75% max 100%
CRYPXB,boiled,0.9,USDA R6 DOI:10.15482/USDA.ADC/1409034; median of 28 rows; min 85% max 100%
CRYPXB,braised,0.8,USDA R6 DOI:10.15482/USDA.ADC/1409034; median of 5 rows; min 75% max 90%
CRYPXB,broiled,0.8,USDA R6 DOI:10.15482/USDA.ADC/1409034; median of 20 rows; min 65% max 100%
CRYPXB,canned,1.0,USDA R6 DOI:10.15482/USDA.ADC/1409034; median of 4 rows; min 75% max 100%
CRYPXB,cooked,0.9,USDA R6 DOI:10.15482/USDA.ADC/1409034; median of 28 rows; min 75% max 100%
CRYPXB,fried,0.85,USDA R6 DOI:10.15482/USDA.ADC/1409034; median of 36 rows; min 75% max 100%
CRYPXB,poached,1.0,USDA R6 DOI:10.15482/USDA.ADC/1409034; median of 1 rows; min 100% max 100%
CRYPXB,reheated,1.0,USDA R6 DOI:10.15482/USDA.ADC/1409034; median of 28 rows; min 95% max 100%
CRYPXB,roasted,0.75,USDA R6 DOI:10.15482/USDA.ADC/1409034; median of 8 rows; min 75% max 80%
CRYPXB,simmered,0.8,USDA R6 DOI:10.15482/USDA.ADC/1409034; median of 60 rows; min 75% max 100%
CRYPXB,steamed,0.9,USDA R6 DOI:10.15482/USDA.ADC/1409034; median of 4 rows; min 90% max 95%
CRYPXB,stewed,0.75,USDA R6 DOI:10.15482/USDA.ADC/1409034; median of 2 rows; min 75% max 75%
CU,baked,1.0,USDA R6 DOI:10.15482/USDA.ADC/1409034; median of 23 rows; min 90% max 100%
CU,boiled,0.95,USDA R6 DOI:10.15482/USDA.ADC/1409034; median of 28 rows; min 55% max 100%
CU,braised,1.0,USDA R6 DOI:10.15482/USDA.ADC/1409034; median of 5 rows; min 75% max 100%
CU,broiled,1.0,USDA R6 DOI:10.15482/USDA.ADC/1409034; median of 20 rows; min 75% max 100%
CU,canned,1.0,USDA R6 DOI:10.15482/USDA.ADC/1409034; median of 4 rows; min 90% max 100%
CU,cooked,1.0,USDA R6 DOI:10.15482/USDA.ADC/1409034; median of 28 rows; min 55% max 100%
CU,fried,1.0,USDA R6 DOI:10.15482/USDA.ADC/1409034; median of 36 rows; min 55% max 100%
CU,poached,1.0,USDA R6 DOI:10.15482/USDA.ADC/1409034; median of 1 rows; min 100% max 100%
CU,reheated,1.0,USDA R6 DOI:10.15482/USDA.ADC/1409034; median of 28 rows; min 100% max 100%
CU,roasted,0.975,USDA R6 DOI:10.15482/USDA.ADC/1409034; median of 8 rows; min 70% max 100%
CU,simmered,1.0,USDA R6 DOI:10.15482/USDA.ADC/1409034; median of 60 rows; min 70% max 100%
CU,steamed,0.925,USDA R6 DOI:10.15482/USDA.ADC/1409034; median of 4 rows; min 85% max 100%
CU,stewed,0.9,USDA R6 DOI:10.15482/USDA.ADC/1409034; median of 2 rows; min 90% max 90%
FE,baked,1.0,USDA R6 DOI:10.15482/USDA.ADC/1409034; median of 23 rows; min 100% max 100%
FE,boiled,0.95,USDA R6 DOI:10.15482/USDA.ADC/1409034; median of 28 rows; min 75% max 100%
FE,braised,1.0,USDA R6 DOI:10.15482/USDA.ADC/1409034; median of 5 rows; min 95% max 100%
FE,broiled,0.975,USDA R6 DOI:10.15482/USDA.ADC/1409034; median of 20 rows; min 65% max 100%
FE,canned,1.0,USDA R6 DOI:10.15482/USDA.ADC/1409034; median of 4 rows; min 100% max 100%
FE,cooked,1.0,USDA R6 DOI:10.15482/USDA.ADC/1409034; median of 28 rows; min 65% max 100%
FE,fried,1.0,USDA R6 DOI:10.15482/USDA.ADC/1409034; median of 36 rows; min 65% max 100%
FE,poached,1.0,USDA R6 DOI:10.15482/USDA.ADC/1409034; median of 1 rows; min 100% max 100%
FE,reheated,1.0,USDA R6 DOI:10.15482/USDA.ADC/1409034; median of 28 rows; min 100% max 100%
FE,roasted,1.0,USDA R6 DOI:10.15482/USDA.ADC/1409034; median of 8 rows; min 85% max 100%
FE,simmered,1.0,USDA R6 DOI:10.15482/USDA.ADC/1409034; median of 60 rows; min 60% max 100%
FE,steamed,0.95,USDA R6 DOI:10.15482/USDA.ADC/1409034; median of 4 rows; min 90% max 100%
FE,stewed,1.0,USDA R6 DOI:10.15482/USDA.ADC/1409034; median of 2 rows; min 100% max 100%
FOL,baked,0.8,USDA R6 DOI:10.15482/USDA.ADC/1409034; median of 23 rows; min 60% max 95%
FOL,boiled,0.675,USDA R6 DOI:10.15482/USDA.ADC/1409034; median of 28 rows; min 30% max 90%
FOL,braised,0.7,USDA R6 DOI:10.15482/USDA.ADC/1409034; median of 5 rows; min 65% max 80%
FOL,broiled,0.825,USDA R6 DOI:10.15482/USDA.ADC/1409034; median of 20 rows; min 30% max 95%
FOL,canned,0.95,USDA R6 DOI:10.15482/USDA.ADC/1409034; median of 4 rows; min 50% max 95%
FOL,cooked,0.7,USDA R6 DOI:10.15482/USDA.ADC/1409034; median of 28 rows; min 25% max 100%
FOL,fried,0.8,USDA R6 DOI:10.15482/USDA.ADC/1409034; median of 36 rows; min 25% max 95%
FOL,poached,0.75,USDA R6 DOI:10.15482/USDA.ADC/1409034; median of 1 rows; min 75% max 75%
FOL,reheated,0.95,USDA R6 DOI:10.15482/USDA.ADC/1409034; median of 28 rows; min 90% max 100%
FOL,roasted,0.85,USDA R6 DOI:10.15482/USDA.ADC/1409034; median of 8 rows; min 60% max 95%
FOL,simmered,0.7,USDA R6 DOI:10.15482/USDA.ADC/1409034; median of 60 rows; min 55% max 100%
FOL,steamed,0.775,USDA R6 DOI:10.15482/USDA.ADC/1409034; median of 4 rows; min 75% max 85%
FOL,stewed,0.5,USDA R6 DOI:10.15482/USDA.ADC/1409034; median of 2 rows; min 50% max 50%
FOLAC,baked,0.8,USDA R6 DOI:10.15482/USDA.ADC/1409034; median of 23 rows; min 60% max 95%
FOLAC,boiled,0.675,USDA R6 DOI:10.15482/USDA.ADC/1409034; median of 28 rows; min 30% max 90%
FOLAC,braised,0.7,USDA R6 DOI:10.15482/USDA.ADC/1409034; median of 5 rows; min 65% max 80%
FOLAC,broiled,0.825,USDA R6 DOI:10.15482/USDA.ADC/1409034; median of 20 rows; min 30% max 95%
FOLAC,canned,0.95,USDA R6 DOI:10.15482/USDA.ADC/1409034; median of 4 rows; min 50% max 95%
FOLAC,cooked,0.7,USDA R6 DOI:10.15482/USDA.ADC/1409034; median of 28 rows; min 25% max 100%
FOLAC,fried,0.8,USDA R6 DOI:10.15482/USDA.ADC/1409034; median of 36 rows; min 25% max 95%
FOLAC,poached,0.75,USDA R6 DOI:10.15482/USDA.ADC/1409034; median of 1 rows; min 75% max 75%
FOLAC,reheated,0.95,USDA R6 DOI:10.15482/USDA.ADC/1409034; median of 28 rows; min 90% max 100%
FOLAC,roasted,0.85,USDA R6 DOI:10.15482/USDA.ADC/1409034; median of 8 rows; min 60% max 95%
FOLAC,simmered,0.7,USDA R6 DOI:10.15482/USDA.ADC/1409034; median of 60 rows; min 55% max 100%
FOLAC,steamed,0.775,USDA R6 DOI:10.15482/USDA.ADC/1409034; median of 4 rows; min 75% max 85%
FOLAC,stewed,0.5,USDA R6 DOI:10.15482/USDA.ADC/1409034; median of 2 rows; min 50% max 50%
FOLFD,baked,0.8,USDA R6 DOI:10.15482/USDA.ADC/1409034; median of 23 rows; min 60% max 95%
FOLFD,boiled,0.675,USDA R6 DOI:10.15482/USDA.ADC/1409034; median of 28 rows; min 30% max 90%
FOLFD,braised,0.7,USDA R6 DOI:10.15482/USDA.ADC/1409034; median of 5 rows; min 65% max 80%
FOLFD,broiled,0.825,USDA R6 DOI:10.15482/USDA.ADC/1409034; median of 20 rows; min 30% max 95%
FOLFD,canned,0.95,USDA R6 DOI:10.15482/USDA.ADC/1409034; median of 4 rows; min 50% max 95%
FOLFD,cooked,0.7,USDA R6 DOI:10.15482/USDA.ADC/1409034; median of 28 rows; min 25% max 100%
FOLFD,fried,0.8,USDA R6 DOI:10.15482/USDA.ADC/1409034; median of 36 rows; min 25% max 95%
FOLFD,poached,0.75,USDA R6 DOI:10.15482/USDA.ADC/1409034; median of 1 rows; min 75% max 75%
FOLFD,reheated,0.95,USDA R6 DOI:10.15482/USDA.ADC/1409034; median of 28 rows; min 90% max 100%
FOLFD,roasted,0.85,USDA R6 DOI:10.15482/USDA.ADC/1409034; median of 8 rows; min 60% max 95%
FOLFD,simmered,0.7,USDA R6 DOI:10.15482/USDA.ADC/1409034; median of 60 rows; min 55% max 100%
FOLFD,steamed,0.775,USDA R6 DOI:10.15482/USDA.ADC/1409034; median of 4 rows; min 75% max 85%
FOLFD,stewed,0.5,USDA R6 DOI:10.15482/USDA.ADC/1409034; median of 2 rows; min 50% max 50%
K,baked,1.0,USDA R6 DOI:10.15482/USDA.ADC/1409034; median of 23 rows; min 55% max 100%
K,boiled,0.9,USDA R6 DOI:10.15482/USDA.ADC/1409034; median of 28 rows; min 30% max 100%
K,braised,1.0,USDA R6 DOI:10.15482/USDA.ADC/1409034; median of 5 rows; min 55% max 100%
K,broiled,0.875,USDA R6 DOI:10.15482/USDA.ADC/1409034; median of 20 rows; min 80% max 100%
K,canned,1.0,USDA R6 DOI:10.15482/USDA.ADC/1409034; median of 4 rows; min 90% max 100%
K,cooked,0.975,USDA R6 DOI:10.15482/USDA.ADC/1409034; median of 28 rows; min 65% max 100%
K,fried,1.0,USDA R6 DOI:10.15482/USDA.ADC/1409034; median of 36 rows; min 65% max 100%
K,poached,1.0,USDA R6 DOI:10.15482/USDA.ADC/1409034; median of 1 rows; min 100% max 100%
K,reheated,1.0,USDA R6 DOI:10.15482/USDA.ADC/1409034; median of 28 rows; min 100% max 100%
K,roasted,0.8,USDA R6 DOI:10.15482/USDA.ADC/1409034; median of 8 rows; min 75% max 100%
K,simmered,1.0,USDA R6 DOI:10.15482/USDA.ADC/1409034; median of 60 rows; min 45% max 100%
K,steamed,0.95,USDA R6 DOI:10.15482/USDA.ADC/1409034; median of 4 rows; min 90% max 100%
K,stewed,0.9,USDA R6 DOI:10.15482/USDA.ADC/1409034; median of 2 rows; min 90% max 90%
LYCPN,baked,0.9,USDA R6 DOI:10.15482/USDA.ADC/1409034; median of 23 rows; min 75% max 100%
LYCPN,boiled,0.9,USDA R6 DOI:10.15482/USDA.ADC/1409034; median of 28 rows; min 85% max 100%
LYCPN,braised,0.8,USDA R6 DOI:10.15482/USDA.ADC/1409034; median of 5 rows; min 75% max 90%
LYCPN,broiled,0.8,USDA R6 DOI:10.15482/USDA.ADC/1409034; median of 20 rows; min 65% max 100%
LYCPN,canned,1.0,USDA R6 DOI:10.15482/USDA.ADC/1409034; median of 4 rows; min 75% max 100%
LYCPN,cooked,0.9,USDA R6 DOI:10.15482/USDA.ADC/1409034; median of 28 rows; min 75% max 100%
LYCPN,fried,0.85,USDA R6 DOI:10.15482/USDA.ADC/1409034; median of 36 rows; min 75% max 100%
LYCPN,poached,1.0,USDA R6 DOI:10.15482/USDA.ADC/1409034; median of 1 rows; min 100% max 100%
LYCPN,reheated,1.0,USDA R6 DOI:10.15482/USDA.ADC/1409034; median of 28 rows; min 95% max 100%
LYCPN,roasted,0.75,USDA R6 DOI:10.15482/USDA.ADC/1409034; median of 8 rows; min 75% max 80%
LYCPN,simmered,0.8,USDA R6 DOI:10.15482/USDA.ADC/1409034; median of 60 rows; min 75% max 100%
LYCPN,steamed,0.9,USDA R6 DOI:10.15482/USDA.ADC/1409034; median of 4 rows; min 90% max 95%
LYCPN,stewed,0.75,USDA R6 DOI:10.15482/USDA.ADC/1409034; median of 2 rows; min 75% max 75%
MG,baked,1.0,USDA R6 DOI:10.15482/USDA.ADC/1409034; median of 23 rows; min 65% max 100%
MG,boiled,0.95,USDA R6 DOI:10.15482/USDA.ADC/1409034; median of 28 rows; min 70% max 100%
MG,braised,1.0,USDA R6 DOI:10.15482/USDA.ADC/1409034; median of 5 rows; min 65% max 100%
MG,broiled,0.95,USDA R6 DOI:10.15482/USDA.ADC/1409034; median of 20 rows; min 75% max 100%
MG,canned,1.0,USDA R6 DOI:10.15482/USDA.ADC/1409034; median of 4 rows; min 100% max 100%
MG,cooked,1.0,USDA R6 DOI:10.15482/USDA.ADC/1409034; median of 28 rows; min 70% max 100%
MG,fried,1.0,USDA R6 DOI:10.15482/USDA.ADC/1409034; median of 36 rows; min 70% max 100%
MG,poached,1.0,USDA R6 DOI:10.15482/USDA.ADC/1409034; median of 1 rows; min 100% max 100%
MG,reheated,1.0,USDA R6 DOI:10.15482/USDA.ADC/1409034; median of 28 rows; min 100% max 100%
MG,roasted,0.8,USDA R6 DOI:10.15482/USDA.ADC/1409034; median of 8 rows; min 75% max 100%
MG,simmered,1.0,USDA R6 DOI:10.15482/USDA.ADC/1409034; median of 60 rows; min 60% max 100%
MG,steamed,1.0,USDA R6 DOI:10.15482/USDA.ADC/1409034; median of 4 rows; min 100% max 100%
MG,stewed,1.0,USDA R6 DOI:10.15482/USDA.ADC/1409034; median of 2 rows; min 100% max 100%
NA,baked,1.0,USDA R6 DOI:10.15482/USDA.ADC/1409034; median of 23 rows; min 55% max 100%
NA,boiled,0.95,USDA R6 DOI:10.15482/USDA.ADC/1409034; median of 28 rows; min 50% max 100%
NA,braised,1.0,USDA R6 DOI:10.15482/USDA.ADC/1409034; median of 5 rows; min 55% max 100%
NA,broiled,0.925,USDA R6 DOI:10.15482/USDA.ADC/1409034; median of 20 rows; min 75% max 100%
NA,canned,1.0,USDA R6 DOI:10.15482/USDA.ADC/1409034; median of 4 rows; min 100% max 100%
NA,cooked,1.0,USDA R6 DOI:10.15482/USDA.ADC/1409034; median of 28 rows; min 75% max 100%
NA,fried,1.0,USDA R6 DOI:10.15482/USDA.ADC/1409034; median of 36 rows; min 60% max 100%
NA,poached,1.0,USDA R6 DOI:10.15482/USDA.ADC/1409034; median of 1 rows; min 100% max 100%
NA,reheated,1.0,USDA R6 DOI:10.15482/USDA.ADC/1409034; median of 28 rows; min 100% max 100%
NA,roasted,0.8,USDA R6 DOI:10.15482/USDA.ADC/1409034; median of 8 rows; min 75% max 95%
NA,simmered,1.0,USDA R6 DOI:10.15482/USDA.ADC/1409034; median of 60 rows; min 45% max 100%
NA,steamed,1.0,USDA R6 DOI:10.15482/USDA.ADC/1409034; median of 4 rows; min 100% max 100%
NA,stewed,1.0,USDA R6 DOI:10.15482/USDA.ADC/1409034; median of 2 rows; min 100% max 100%
NIA,baked,0.95,USDA R6 DOI:10.15482/USDA.ADC/1409034; median of 23 rows; min 55% max 100%
NIA,boiled,0.875,USDA R6 DOI:10.15482/USDA.ADC/1409034; median of 28 rows; min 55% max 95%
NIA,braised,0.9,USDA R6 DOI:10.15482/USDA.ADC/1409034; median of 5 rows; min 55% max 95%
NIA,broiled,0.9,USDA R6 DOI:10.15482/USDA.ADC/1409034; median of 20 rows; min 75% max 100%
NIA,canned,1.0,USDA R6 DOI:10.15482/USDA.ADC/1409034; median of 4 rows; min 90% max 100%
NIA,cooked,0.95,USDA R6 DOI:10.15482/USDA.ADC/1409034; median of 28 rows; min 50% max 100%
NIA,fried,0.9,USDA R6 DOI:10.15482/USDA.ADC/1409034; median of 36 rows; min 50% max 100%
NIA,poached,0.85,USDA R6 DOI:10.15482/USDA.ADC/1409034; median of 1 rows; min 85% max 85%
NIA,reheated,1.0,USDA R6 DOI:10.15482/USDA.ADC/1409034; median of 28 rows; min 95% max 100%
NIA,roasted,0.825,USDA R6 DOI:10.15482/USDA.ADC/1409034; median of 8 rows; min 75% max 95%
NIA,simmered,0.9,USDA R6 DOI:10.15482/USDA.ADC/1409034; median of 60 rows; min 45% max 100%
NIA,steamed,0.925,USDA R6 DOI:10.15482/USDA.ADC/1409034; median of 4 rows; min 90% max 95%
NIA,stewed,0.9,USDA R6 DOI:10.15482/USDA.ADC/1409034; median of 2 rows; min 90% max 90%
P,baked,1.0,USDA R6 DOI:10.15482/USDA.ADC/1409034; median of 23 rows; min 65% max 100%
P,boiled,0.95,USDA R6 DOI:10.15482/USDA.ADC/1409034; median of 28 rows; min 70% max 100%
P,braised,0.95,USDA R6 DOI:10.15482/USDA.ADC/1409034; median of 5 rows; min 65% max 100%
P,broiled,0.925,USDA R6 DOI:10.15482/USDA.ADC/1409034; median of 20 rows; min 75% max 100%
P,canned,1.0,USDA R6 DOI:10.15482/USDA.ADC/1409034; median of 4 rows; min 100% max 100%
P,cooked,0.975,USDA R6 DOI:10.15482/USDA.ADC/1409034; median of 28 rows; min 75% max 100%
P,fried,1.0,USDA R6 DOI:10.15482/USDA.ADC/1409034; median of 36 rows; min 75% max 100%
P,poached,1.0,USDA R6 DOI:10.15482/USDA.ADC/1409034; median of 1 rows; min 100% max 100%
P,reheated,1.0,USDA R6 DOI:10.15482/USDA.ADC/1409034; median of 28 rows; min 100% max 100%
P,roasted,0.825,USDA R6 DOI:10.15482/USDA.ADC/1409034; median of 8 rows; min 80% max 85%
P,simmered,0.975,USDA R6 DOI:10.15482/USDA.ADC/1409034; median of 60 rows; min 65% max 100%
P,steamed,0.875,USDA R6 DOI:10.15482/USDA.ADC/1409034; median of 4 rows; min 75% max 100%
P,stewed,1.0,USDA R6 DOI:10.15482/USDA.ADC/1409034; median of 2 rows; min 100% max 100%
RIBF,baked,0.95,USDA R6 DOI:10.15482/USDA.ADC/1409034; median of 23 rows; min 85% max 100%
RIBF,boiled,0.9,USDA R6 DOI:10.15482/USDA.ADC/1409034; median of 28 rows; min 70% max 95%
RIBF,braised,0.95,USDA R6 DOI:10.15482/USDA.ADC/1409034; median of 5 rows; min 75% max 100%
RIBF,broiled,0.95,USDA R6 DOI:10.15482/USDA.ADC/1409034; median of 20 rows; min 75% max 100%
RIBF,canned,1.0,USDA R6 DOI:10.15482/USDA.ADC/1409034; median of 4 rows; min 90% max 100%
RIBF,cooked,0.95,USDA R6 DOI:10.15482/USDA.ADC/1409034; median of 28 rows; min 65% max 100%
RIBF,fried,0.95,USDA R6 DOI:10.15482/USDA.ADC/1409034; median of 36 rows; min 65% max 100%
RIBF,poached,0.85,USDA R6 DOI:10.15482/USDA.ADC/1409034; median of 1 rows; min 85% max 85%
RIBF,reheated,1.0,USDA R6 DOI:10.15482/USDA.ADC/1409034; median of 28 rows; min 95% max 100%
RIBF,roasted,0.925,USDA R6 DOI:10.15482/USDA.ADC/1409034; median of 8 rows; min 85% max 95%
RIBF,simmered,0.9,USDA R6 DOI:10.15482/USDA.ADC/1409034; median of 60 rows; min 55% max 100%
RIBF,steamed,0.95,USDA R6 DOI:10.15482/USDA.ADC/1409034; median of 4 rows; min 95% max 95%
RIBF,stewed,0.9,USDA R6 DOI:10.15482/USDA.ADC/1409034; median of 2 rows; min 90% max 90%
THIA,baked,0.8,USDA R6 DOI:10.15482/USDA.ADC/1409034; median of 23 rows; min 45% max 100%
THIA,boiled,0.8,USDA R6 DOI:10.15482/USDA.ADC/1409034; median of 28 rows; min 40% max 95%
THIA,braised,0.6,USDA R6 DOI:10.15482/USDA.ADC/1409034; median of 5 rows; min 45% max 90%
THIA,broiled,0.775,USDA R6 DOI:10.15482/USDA.ADC/1409034; median of 20 rows; min 45% max 95%
THIA,canned,0.9,USDA R6 DOI:10.15482/USDA.ADC/1409034; median of 4 rows; min 80% max 90%
THIA,cooked,0.8,USDA R6 DOI:10.15482/USDA.ADC/1409034; median of 28 rows; min 35% max 95%
THIA,fried,0.8,USDA R6 DOI:10.15482/USDA.ADC/1409034; median of 36 rows; min 35% max 95%
THIA,poached,0.8,USDA R6 DOI:10.15482/USDA.ADC/1409034; median of 1 rows; min 80% max 80%
THIA,reheated,0.95,USDA R6 DOI:10.15482/USDA.ADC/1409034; median of 28 rows; min 95% max 100%
THIA,roasted,0.6,USDA R6 DOI:10.15482/USDA.ADC/1409034; median of 8 rows; min 55% max 85%
THIA,simmered,0.55,USDA R6 DOI:10.15482/USDA.ADC/1409034; median of 60 rows; min 30% max 100%
THIA,steamed,0.925,USDA R6 DOI:10.15482/USDA.ADC/1409034; median of 4 rows; min 90% max 95%
THIA,stewed,0.8,USDA R6 DOI:10.15482/USDA.ADC/1409034; median of 2 rows; min 80% max 80%
VITA_RAE,baked,0.9,USDA R6 DOI:10.15482/USDA.ADC/1409034; median of 23 rows; min 75% max 100%
VITA_RAE,boiled,0.9,USDA R6 DOI:10.15482/USDA.ADC/1409034; median of 28 rows; min 85% max 100%
VITA_RAE,braised,0.8,USDA R6 DOI:10.15482/USDA.ADC/1409034; median of 5 rows; min 75% max 90%
VITA_RAE,broiled,0.8,USDA R6 DOI:10.15482/USDA.ADC/1409034; median of 20 rows; min 65% max 100%
VITA_RAE,canned,1.0,USDA R6 DOI:10.15482/USDA.ADC/1409034; median of 4 rows; min 75% max 100%
VITA_RAE,cooked,0.9,USDA R6 DOI:10.15482/USDA.ADC/1409034; median of 28 rows; min 75% max 100%
VITA_RAE,fried,0.85,USDA R6 DOI:10.15482/USDA.ADC/1409034; median of 36 rows; min 75% max 100%
VITA_RAE,poached,1.0,USDA R6 DOI:10.15482/USDA.ADC/1409034; median of 1 rows; min 100% max 100%
VITA_RAE,reheated,1.0,USDA R6 DOI:10.15482/USDA.ADC/1409034; median of 28 rows; min 95% max 100%
VITA_RAE,roasted,0.75,USDA R6 DOI:10.15482/USDA.ADC/1409034; median of 8 rows; min 75% max 80%
VITA_RAE,simmered,0.8,USDA R6 DOI:10.15482/USDA.ADC/1409034; median of 60 rows; min 75% max 100%
VITA_RAE,steamed,0.9,USDA R6 DOI:10.15482/USDA.ADC/1409034; median of 4 rows; min 90% max 95%
VITA_RAE,stewed,0.75,USDA R6 DOI:10.15482/USDA.ADC/1409034; median of 2 rows; min 75% max 75%
VITB12,baked,1.0,USDA R6 DOI:10.15482/USDA.ADC/1409034; median of 23 rows; min 55% max 100%
VITB12,boiled,1.0,USDA R6 DOI:10.15482/USDA.ADC/1409034; median of 28 rows; min 60% max 100%
VITB12,braised,0.7,USDA R6 DOI:10.15482/USDA.ADC/1409034; median of 5 rows; min 60% max 90%
VITB12,broiled,0.85,USDA R6 DOI:10.15482/USDA.ADC/1409034; median of 20 rows; min 55% max 100%
VITB12,canned,1.0,USDA R6 DOI:10.15482/USDA.ADC/1409034; median of 4 rows; min 100% max 100%
VITB12,cooked,1.0,USDA R6 DOI:10.15482/USDA.ADC/1409034; median of 28 rows; min 30% max 100%
VITB12,fried,0.9,USDA R6 DOI:10.15482/USDA.ADC/1409034; median of 36 rows; min 65% max 100%
VITB12,poached,0.8,USDA R6 DOI:10.15482/USDA.ADC/1409034; median of 1 rows; min 80% max 80%
VITB12,reheated,1.0,USDA R6 DOI:10.15482/USDA.ADC/1409034; median of 28 rows; min 95% max 100%
VITB12,roasted,0.775,USDA R6 DOI:10.15482/USDA.ADC/1409034; median of 8 rows; min 65% max 100%
VITB12,simmered,0.7,USDA R6 DOI:10.15482/USDA.ADC/1409034; median of 60 rows; min 50% max 100%
VITB12,steamed,0.95,USDA R6 DOI:10.15482/USDA.ADC/1409034; median of 4 rows; min 90% max 100%
VITB12,stewed,1.0,USDA R6 DOI:10.15482/USDA.ADC/1409034; median of 2 rows; min 100% max 100%
VITB6A,baked,0.95,USDA R6 DOI:10.15482/USDA.ADC/1409034; median of 23 rows; min 35% max 95%
VITB6A,boiled,0.9,USDA R6 DOI:10.15482/USDA.ADC/1409034; median of 28 rows; min 50% max 95%
VITB6A,braised,0.5,USDA R6 DOI:10.15482/USDA.ADC/1409034; median of 5 rows; min 35% max 85%
VITB6A,broiled,0.8,USDA R6 DOI:10.15482/USDA.ADC/1409034; median of 20 rows; min 60% max 95%
VITB6A,canned,1.0,USDA R6 DOI:10.15482/USDA.ADC/1409034; median of 4 rows; min 90% max 100%
VITB6A,cooked,0.9,USDA R6 DOI:10.15482/USDA.ADC/1409034; median of 28 rows; min 45% max 100%
VITB6A,fried,0.9,USDA R6 DOI:10.15482/USDA.ADC/1409034; median of 36 rows; min 45% max 95%
VITB6A,poached,0.85,USDA R6 DOI:10.15482/USDA.ADC/1409034; median of 1 rows; min 85% max 85%
VITB6A,reheated,0.975,USDA R6 DOI:10.15482/USDA.ADC/1409034; median of 28 rows; min 95% max 100%
VITB6A,roasted,0.775,USDA R6 DOI:10.15482/USDA.ADC/1409034; median of 8 rows; min 50% max 95%
VITB6A,simmered,0.55,USDA R6 DOI:10.15482/USDA.ADC/1409034; median of 60 rows; min 35% max 100%
VITB6A,steamed,0.925,USDA R6 DOI:10.15482/USDA.ADC/1409034; median of 4 rows; min 90% max 95%
VITB6A,stewed,0.9,USDA R6 DOI:10.15482/USDA.ADC/1409034; median of 2 rows; min 90% max 90%
VITC,baked,0.8,USDA R6 DOI:10.15482/USDA.ADC/1409034; median of 23 rows; min 65% max 85%
VITC,boiled,0.675,USDA R6 DOI:10.15482/USDA.ADC/1409034; median of 28 rows; min 25% max 95%
VITC,braised,0.8,USDA R6 DOI:10.15482/USDA.ADC/1409034; median of 5 rows; min 75% max 85%
VITC,broiled,0.8,USDA R6 DOI:10.15482/USDA.ADC/1409034; median of 20 rows; min 50% max 95%
VITC,canned,0.85,USDA R6 DOI:10.15482/USDA.ADC/1409034; median of 4 rows; min 50% max 85%
VITC,cooked,0.725,USDA R6 DOI:10.15482/USDA.ADC/1409034; median of 28 rows; min 45% max 95%
VITC,fried,0.8,USDA R6 DOI:10.15482/USDA.ADC/1409034; median of 36 rows; min 50% max 90%
VITC,poached,0.8,USDA R6 DOI:10.15482/USDA.ADC/1409034; median of 1 rows; min 80% max 80%
VITC,reheated,0.95,USDA R6 DOI:10.15482/USDA.ADC/1409034; median of 28 rows; min 90% max 100%
VITC,roasted,0.8,USDA R6 DOI:10.15482/USDA.ADC/1409034; median of 8 rows; min 80% max 80%
VITC,simmered,0.8,USDA R6 DOI:10.15482/USDA.ADC/1409034; median of 60 rows; min 70% max 100%
VITC,steamed,0.8,USDA R6 DOI:10.15482/USDA.ADC/1409034; median of 4 rows; min 75% max 85%
VITC,stewed,0.7,USDA R6 DOI:10.15482/USDA.ADC/1409034; median of 2 rows; min 70% max 70%
ZN,baked,1.0,USDA R6 DOI:10.15482/USDA.ADC/1409034; median of 23 rows; min 100% max 100%
ZN,boiled,0.95,USDA R6 DOI:10.15482/USDA.ADC/1409034; median of 28 rows; min 85% max 100%
ZN,braised,1.0,USDA R6 DOI:10.15482/USDA.ADC/1409034; median of 5 rows; min 100% max 100%
ZN,broiled,1.0,USDA R6 DOI:10.15482/USDA.ADC/1409034; median of 20 rows; min 75% max 100%
ZN,canned,1.0,USDA R6 DOI:10.15482/USDA.ADC/1409034; median of 4 rows; min 100% max 100%
ZN,cooked,1.0,USDA R6 DOI:10.15482/USDA.ADC/1409034; median of 28 rows; min 75% max 100%
ZN,fried,1.0,USDA R6 DOI:10.15482/USDA.ADC/1409034; median of 36 rows; min 75% max 100%
ZN,poached,1.0,USDA R6 DOI:10.15482/USDA.ADC/1409034; median of 1 rows; min 100% max 100%
ZN,reheated,1.0,USDA R6 DOI:10.15482/USDA.ADC/1409034; median of 28 rows; min 100% max 100%
ZN,roasted,1.0,USDA R6 DOI:10.15482/USDA.ADC/1409034; median of 8 rows; min 100% max 100%
ZN,simmered,1.0,USDA R6 DOI:10.15482/USDA.ADC/1409034; median of 60 rows; min 80% max 100%
ZN,steamed,1.0,USDA R6 DOI:10.15482/USDA.ADC/1409034; median of 4 rows; min 100% max 100%
ZN,stewed,1.0,USDA R6 DOI:10.15482/USDA.ADC/1409034; median of 2 rows; min 100% max 100%
